Job Title,Company,Skills,Date Posted,Job URL
Support Specialist and Writer,Interaction Design Foundation,"education, customer support, content writing, writing, copywriting",2025-09-16T11:01:08+00:00,https://remoteOK.com/remote-jobs/remote-support-specialist-and-writer-interaction-design-foundation-1117685
Generalist Data Annotator No Exp Required,HelixRecruit,"writing, ai",2025-09-14T21:56:30+00:00,https://remoteOK.com/remote-jobs/remote-generalist-data-annotator-no-exp-required-helixrecruit-1115488
Global Operations Manager Fashion,Rosie Etienne,"other, ops",2025-09-13T09:07:25+00:00,https://remoteOK.com/remote-jobs/remote-global-operations-manager-fashion-rosie-etienne-1113309
Senior Full stack Developer,Lemon.io,"engineer, dev, senior, full stack, javascript, full time, react, python, node, typescript, remote, gcp, aws, next, english, dot net, vue, Django, Supabase, Azure, Blockchain, MLOps",2025-09-12T15:19:46+00:00,https://remoteOK.com/remote-jobs/remote-senior-full-stack-developer-lemon-io-1112254
LLM Data Engineer,Sanctuary Computer,"dev, senior, backend, exec, javascript, ruby, python, node, saas, data science, data entry",2025-09-12T11:44:56+00:00,https://remoteOK.com/remote-jobs/remote-llm-data-engineer-sanctuary-computer-1112042
Client Success Manager,Venus,marketing,2025-09-09T23:58:18+00:00,https://remoteOK.com/remote-jobs/remote-client-success-manager-venus-1109273
Senior Ruby on Rails Engineer,EverAI,"engineer, dev, technical, backend, full stack, full time, ruby, web dev",2025-09-08T14:58:33+00:00,https://remoteOK.com/remote-jobs/remote-senior-ruby-on-rails-engineer-everai-1107448
Senior Performance Marketer,EverAI,marketing,2025-09-08T10:00:03+00:00,https://remoteOK.com/remote-jobs/remote-senior-performance-marketer-everai-1107277
Senior Full Stack Engineer,Aguru UK,"engineer, dev, technical, front end",2025-09-06T15:10:56+00:00,https://remoteOK.com/remote-jobs/remote-senior-full-stack-engineer-aguru-uk-1104983
Senior DevOps Engineer,Aguru UK,"engineer, technical, backend, devops",2025-09-06T14:38:18+00:00,https://remoteOK.com/remote-jobs/remote-senior-devops-engineer-aguru-uk-1104952
Social Media Manager & Shitposter @ Fun Ecom Co,JLS Trading Co,"marketing, full time, remote, social media",2025-09-06T11:34:45+00:00,https://remoteOK.com/remote-jobs/remote-social-media-manager-shitposter-fun-ecom-co-jls-trading-co-1104790
Mid level Backend Dev for SaaS the music industry,MelodyIQ,"dev, javascript, react, typescript, node, postgres",2025-09-05T06:16:35+00:00,https://remoteOK.com/remote-jobs/remote-mid-level-backend-dev-for-saas-the-music-industry-melodyiq-1103192
Online Data Research with Bonus,TELUS Digital,"Entry-level, Computer, Online, Social Media, AI, Technology, Assessor, Rater, Advertisement, Research",2025-09-04T08:55:40+00:00,https://remoteOK.com/remote-jobs/remote-online-data-research-with-bonus-telus-digital-1101930
Engineering Lead,Aragon,"design, osx, web3, frontend, security, technical, support, code, scrum, git, lead, operational, reliability, health, engineering, backend, digital nomad",2025-08-28T12:00:03+00:00,https://remoteOK.com/remote-jobs/remote-engineering-lead-aragon-1097929
Python Developer,Ampcontrol,"dev, python, english, remote, engineer",2025-08-27T15:24:06+00:00,https://remoteOK.com/remote-jobs/remote-python-developer-ampcontrol-1096950
Senior Editor,AFAR,"travel, content, senior, non tech",2025-08-27T15:00:02+00:00,https://remoteOK.com/remote-jobs/remote-senior-editor-afar-1096931
Freelance Python Contributor Project Aurora,Datacurve,"dev, python",2025-08-27T06:24:30+00:00,https://remoteOK.com/remote-jobs/remote-freelance-python-contributor-project-aurora-datacurve-1096434
Manager Business Intelligence,Bullish US LLC,"manager, design, crypto, security, support, financial, investment, finance, management, lead, senior, operations, analytics, digital nomad",2025-08-26T20:00:03+00:00,https://remoteOK.com/remote-jobs/remote-manager-business-intelligence-bullish-us-llc-1095763
Executive Assistant,Flourishing Humanity,"backend, ops, full time, remote, virtual assistant, admin",2025-08-26T18:21:01+00:00,https://remoteOK.com/remote-jobs/remote-executive-assistant-flourishing-humanity-1095650
Software Engineer Gauntlet App,Gauntlet,"software, design, defi, solidity, system, front-end, python, full-stack, technical, ui, code, financial, typescript, reliability, engineer, backend, digital nomad",2025-08-26T13:00:04+00:00,https://remoteOK.com/remote-jobs/remote-software-engineer-gauntlet-app-gauntlet-1095415
UX Engineer,Baymard Institute,"front end, javascript, react, next, typescript, node, tailwind, ruby",2025-08-26T08:36:58+00:00,https://remoteOK.com/remote-jobs/remote-ux-engineer-baymard-institute-1095352
Senior Designer UI,CourtAvenue,"ui, design, system, designer, testing, ux, lead, senior, junior, engineering, digital nomad",2025-08-26T00:00:16+00:00,https://remoteOK.com/remote-jobs/remote-senior-designer-ui-courtavenue-1095228
Senior Engineer Production Operations,Greenlight Financial Technology,"system, security, technical, recruiter, support, software, code, finance, financial, fintech, banking, cloud, senior, operations, operational, reliability, health, engineer, engineering",2025-08-26T00:00:09+00:00,https://remoteOK.com/remote-jobs/remote-senior-engineer-production-operations-greenlight-financial-technology-1095227
Big Data Engineer Professional Services,BrightEdge,"python, technical, web, seo, content, marketing, engineer, engineering",2025-08-25T08:00:30+00:00,https://remoteOK.com/remote-jobs/remote-big-data-engineer-professional-services-brightedge-1094983
Principal Data Engineer,PEXA Group,"design, security, technical, testing, controller, cloud, leader, strategy, lead, senior, analytics, legal, engineer, engineering, recruitment, digital nomad",2025-08-25T00:00:16+00:00,https://remoteOK.com/remote-jobs/remote-principal-data-engineer-pexa-group-1094864
Senior Business Analyst,3Pillar,"analyst, system, training, technical, support, software, testing, test, growth, investment, senior, health",2025-08-23T00:00:05+00:00,https://remoteOK.com/remote-jobs/remote-senior-business-analyst-3pillar-1094157
Compliance Analyst Law Enforcement Requests Bulgaria,Crypto.com,"analyst, cryptocurrency, support, manager, financial, legal, recruitment, non tech",2025-08-22T20:00:05+00:00,https://remoteOK.com/remote-jobs/remote-compliance-analyst-law-enforcement-requests-bulgaria-crypto-com-1094096
DeFi Analyst and Educator,Decentralized Masters,"education, teaching, crypto, customer support",2025-08-22T13:22:49+00:00,https://remoteOK.com/remote-jobs/remote-defi-analyst-and-educator-decentralized-masters-1094014
Crypto Trader,Escorial Future,"other, finance, crypto, education, web3, bitcoin, junior",2025-08-22T10:58:48+00:00,https://remoteOK.com/remote-jobs/remote-crypto-trader-escorial-future-1093995
Sales Development Representative,Colibri Group,"training, financial, education, lead, senior, marketing, excel, sales",2025-08-22T10:00:04+00:00,https://remoteOK.com/remote-jobs/remote-sales-development-representative-colibri-group-1093987
HR Operations Intern,The Block,"hr, crypto, cryptocurrency, support, voice, financial, operations, recruiting, recruitment, part-time",2025-08-22T01:00:04+00:00,https://remoteOK.com/remote-jobs/remote-hr-operations-intern-the-block-1093919
External Sales Consultant,Protective,"consultant, technical, support, growth, travel, financial, microsoft, strategy, marketing, sales, health, healthcare, recruitment",2025-08-22T00:00:41+00:00,https://remoteOK.com/remote-jobs/remote-external-sales-consultant-protective-1093907
Wattpad Senior Engineer,WEBTOON Entertainment Inc. (Wattpad &amp; WEBTOON Family of Brands),"redis, system, security, technical, support, software, testing, happiness, code, cloud, php, mysql, senior, reliability, go, health, engineer, engineering, backend",2025-08-22T00:00:24+00:00,https://remoteOK.com/remote-jobs/remote-wattpad-senior-engineer-webtoon-entertainment-inc-wattpad-amp-webtoon-family-of-brands-1093906
Community Philanthropy Manager Midlevel Giving,The Trevor Project,"manager, support, financial, management, lead, senior, operations, legal, health, non tech",2025-08-22T00:00:14+00:00,https://remoteOK.com/remote-jobs/remote-community-philanthropy-manager-midlevel-giving-the-trevor-project-1093905
Head of Operations,Jito Foundation,"design, defi, crypto, technical, support, financial, banking, leader, management, lead, operations, operational, executive, digital nomad",2025-08-21T19:00:02+00:00,https://remoteOK.com/remote-jobs/remote-head-of-operations-jito-foundation-1093889
Software Engineer React,3Pillar,"react, software, design, frontend, technical, growth, code, serverless, cloud, management, excel, health, engineer, engineering, digital nomad",2025-08-21T16:00:35+00:00,https://remoteOK.com/remote-jobs/remote-software-engineer-react-3pillar-1093888
E Commerce Sales Manager,The Ambr Group,"manager, management, lead, marketing, sales, e-commerce, non tech",2025-08-21T16:00:04+00:00,https://remoteOK.com/remote-jobs/remote-e-commerce-sales-manager-the-ambr-group-1093887
AI Offense Defense Dynamics Lead Researcher,Future of Life Organizations,"design, system, security, technical, support, management, lead, operational, digital nomad",2025-08-21T14:00:04+00:00,https://remoteOK.com/remote-jobs/remote-ai-offense-defense-dynamics-lead-researcher-future-of-life-organizations-1093886
Developer Relations Engineer,Arbitrum Foundation,"developer, web3, cryptocurrency, ethereum, security, technical, support, growth, code, education, finance, content, health, healthcare, engineer, engineering, recruitment, educational, full-time, digital nomad",2025-08-21T10:00:12+00:00,https://remoteOK.com/remote-jobs/remote-developer-relations-engineer-arbitrum-foundation-1093885
$1000 Weekly Work from Home,MasterCraft Boating Company,"sales, customer support, admin, salesforce, virtual assistant, data entry, customer service, customer representative, sales rep",2025-08-21T01:14:09+00:00,https://remoteOK.com/remote-jobs/remote-1000-weekly-work-from-home-mastercraft-boating-company-1093884
Marketing Programs Specialist,Cority,"saas, salesforce, training, technical, support, software, testing, growth, management, content, operations, operational, marketing, sales, health",2025-08-21T00:00:25+00:00,https://remoteOK.com/remote-jobs/remote-marketing-programs-specialist-cority-1093883
Director of Finance Poppy &amp; Peonies,Bloom,"director, design, founder, architect, ceo, support, growth, accounting, financial, investment, finance, banking, strategy, management, lead, operations, marketing, sales, health, recruitment, digital nomad",2025-08-21T00:00:09+00:00,https://remoteOK.com/remote-jobs/remote-director-of-finance-poppy-amp-peonies-bloom-1093882
Senior Software Engineer PHP and Laravel,3Pillar,"software, design, architect, growth, code, laravel, php, senior, health, engineer, digital nomad",2025-08-20T16:00:27+00:00,https://remoteOK.com/remote-jobs/remote-senior-software-engineer-php-and-laravel-3pillar-1093881
Manager Site Reliability &amp; DevOps,Endpoint Clinical,"manager, design, system, technical, support, software, devops, cloud, microsoft, management, operations, operational, reliability, health, engineer, engineering, linux, digital nomad",2025-08-20T16:00:21+00:00,https://remoteOK.com/remote-jobs/remote-manager-site-reliability-amp-devops-endpoint-clinical-1093880
Technical Lead Java &amp; Angular,3Pillar,"technical, software, growth, ui, code, java, angular, lead, excel, health, engineering",2025-08-20T16:00:15+00:00,https://remoteOK.com/remote-jobs/remote-technical-lead-java-amp-angular-3pillar-1093879
Senior Staff DevOps Engineer,Manifest,"design, security, technical, support, software, growth, ui, devops, cloud, api, senior, engineer, engineering, backend, digital nomad",2025-08-20T16:00:08+00:00,https://remoteOK.com/remote-jobs/remote-senior-staff-devops-engineer-manifest-1093878
Product Designer,The Block,"design, crypto, cryptocurrency, system, front-end, designer, testing, web, voice, qa, financial, mobile, lead, content, legal, health, digital nomad",2025-08-20T13:00:03+00:00,https://remoteOK.com/remote-jobs/remote-product-designer-the-block-1093876
Trading Technology Engineering Manager,Ethena Labs,"manager, design, defi, crypto, ethereum, system, security, technical, software, testing, test, growth, financial, investment, finance, leader, strategy, management, lead, junior, engineering, digital nomad",2025-08-20T10:00:03+00:00,https://remoteOK.com/remote-jobs/remote-trading-technology-engineering-manager-ethena-labs-1093875
Amazon Connect IVR QA R01553996,Brillio,"amazon, design, training, technical, software, testing, test, voice, qa, api, management, lead, senior, reliability, engineer, digital nomad",2025-08-20T00:00:31+00:00,https://remoteOK.com/remote-jobs/remote-amazon-connect-ivr-qa-r01553996-brillio-1093874
Account Executive,Cority,"saas, training, consulting, support, software, growth, finance, microsoft, management, operational, legal, sales, health, executive",2025-08-20T00:00:20+00:00,https://remoteOK.com/remote-jobs/remote-account-executive-cority-1093873
Strategic Accounts Sales Representative,PROCEPT BioRobotics,"system, training, support, growth, travel, manager, management, marketing, sales, health, healthcare, executive",2025-08-20T00:00:13+00:00,https://remoteOK.com/remote-jobs/remote-strategic-accounts-sales-representative-procept-biorobotics-1093872
Creative Writers and Generalists,Benture,"content writing, remote, writing, creative",2025-08-19T09:27:12+00:00,https://remoteOK.com/remote-jobs/remote-creative-writers-and-generalists-benture-1093859
Smart Contract Engineer,Aragon,"design, osx, web3, defi, solidity, ethereum, security, technical, support, developer, software, growth, finance, management, go, engineer, engineering, digital nomad",2025-08-19T08:00:09+00:00,https://remoteOK.com/remote-jobs/remote-smart-contract-engineer-aragon-1093858
Job 22929 Developer .Net and React Pleno Brasil,CI&amp;T,"react, developer, software, scrum, devops, postgresql, digital nomad",2025-08-19T00:01:31+00:00,https://remoteOK.com/remote-jobs/remote-job-22929-developer-net-and-react-pleno-brasil-ciampt-1093856
Job 23428 Senior Developer GenAI,CI&amp;T,"developer, amazon, docker, senior, digital nomad",2025-08-19T00:01:23+00:00,https://remoteOK.com/remote-jobs/remote-job-23428-senior-developer-genai-ciampt-1093855
Job 24033 Software Architect Brazil,CI&amp;T,"architect, software, react, web, java, lead",2025-08-19T00:01:16+00:00,https://remoteOK.com/remote-jobs/remote-job-24033-software-architect-brazil-ciampt-1093854
Job 23962 Mid Senior Observability Engineer Colombia,CI&amp;T,"system, developer, software, code, devops, java, mobile, senior, reliability, golang, engineer, digital nomad",2025-08-19T00:01:10+00:00,https://remoteOK.com/remote-jobs/remote-job-23962-mid-senior-observability-engineer-colombia-ciampt-1093853
Job 23962 Mid Senior Observability Engineer Brazil,CI&amp;T,"system, support, developer, software, code, devops, java, senior, reliability, golang, health, engineer, digital nomad",2025-08-19T00:01:02+00:00,https://remoteOK.com/remote-jobs/remote-job-23962-mid-senior-observability-engineer-brazil-ciampt-1093852
Robotic Sales Representative Chicago IL,PROCEPT BioRobotics,"system, ceo, technical, support, growth, travel, manager, management, senior, marketing, sales, health, healthcare, engineering, executive",2025-08-19T00:00:55+00:00,https://remoteOK.com/remote-jobs/remote-robotic-sales-representative-chicago-il-procept-biorobotics-1093851
Territory Manager,Brooks Running,"manager, support, growth, travel, c, microsoft, management, lead, marketing, sales, health, backend",2025-08-19T00:00:18+00:00,https://remoteOK.com/remote-jobs/remote-territory-manager-brooks-running-1093850
Senior AI Engineer,Catalant,"design, vuejs, python, consulting, software, growth, code, scrum, mysql, lead, senior, health, engineer, engineering, digital nomad",2025-08-19T00:00:09+00:00,https://remoteOK.com/remote-jobs/remote-senior-ai-engineer-catalant-1093849
Werkstudent in Projektmanagement &amp; Client Service,applike group,"game, gaming, mobile, marketing, branding, non tech",2025-08-18T16:00:30+00:00,https://remoteOK.com/remote-jobs/remote-werkstudent-in-projektmanagement-amp-client-service-applike-group-1093848
IT Service Desk Manager,Viseven,"manager, jira, back-end, admin, microsoft, management",2025-08-18T16:00:22+00:00,https://remoteOK.com/remote-jobs/remote-it-service-desk-manager-viseven-1093847
Senior Full Stack Engineer,Snowplow Analytics,"design, react, system, security, python, full-stack, technical, support, code, web, scrum, scala, typescript, api, leader, senior, stats, golang, health, engineer, backend, digital nomad",2025-08-18T16:00:15+00:00,https://remoteOK.com/remote-jobs/remote-senior-full-stack-engineer-snowplow-analytics-1093846
Junior Network Engineer,Kyivstar,"python, technical, web, mobile, junior, telecom, engineer",2025-08-18T16:00:09+00:00,https://remoteOK.com/remote-jobs/remote-junior-network-engineer-kyivstar-1093845
Principal Engineer,Find,"design, python, full-stack, technical, support, testing, web, cloud, typescript, lead, engineer, engineering, digital nomad",2025-08-18T15:00:10+00:00,https://remoteOK.com/remote-jobs/remote-principal-engineer-find-1093844
Lead Site Reliability Engineer,Livepeer,engineer,2025-08-18T11:47:32+00:00,https://remoteOK.com/remote-jobs/remote-lead-site-reliability-engineer-livepeer-1093843
Web Developer,Sensor Tower,"developer, web, front-end, security, technical, support, testing, bank, typescript, seo, mobile, marketing, analytics, health, engineering, recruitment, full-time, digital nomad",2025-08-17T23:00:02+00:00,https://remoteOK.com/remote-jobs/remote-web-developer-sensor-tower-1093842
Finance Expert,Benture,"finance, accounting, analyst, consulting, project management, work from home",2025-08-17T18:15:41+00:00,https://remoteOK.com/remote-jobs/remote-finance-expert-benture-1093841
Senior Cloud Services Software Engineer,2100 NVIDIA USA,"software, training, docker, technical, code, cloud, leader, senior, engineer, backend",2025-08-17T16:00:03+00:00,https://remoteOK.com/remote-jobs/remote-senior-cloud-services-software-engineer-2100-nvidia-usa-1093838
Technical Support Specialist,Insider.,"saas, training, technical, support, software, growth, mobile, leader, management, lead, marketing, health, e-commerce",2025-08-17T08:00:05+00:00,https://remoteOK.com/remote-jobs/remote-technical-support-specialist-insider-1093837
AI Prompt Engineer,ActiveCampaign,"system, technical, support, growth, lead, content, operations, marketing, health, engineer",2025-08-17T08:00:02+00:00,https://remoteOK.com/remote-jobs/remote-ai-prompt-engineer-activecampaign-1093836
Blockchain Developer,Coin Market Cap Ltd,"developer, design, system, front-end, back-end, technical, software, backend, digital nomad",2025-08-16T23:00:02+00:00,https://remoteOK.com/remote-jobs/remote-blockchain-developer-coin-market-cap-ltd-1093833
Virtual Medical Assistant,Heartbeat Health,"assistant, support, video, medical, health, non tech",2025-08-16T12:00:10+00:00,https://remoteOK.com/remote-jobs/remote-virtual-medical-assistant-heartbeat-health-1093831
Customer Success Manager,PeopleGrove,"manager, saas, technical, growth, travel, voice, education, admin, microsoft, strategy, sales, health",2025-08-16T12:00:03+00:00,https://remoteOK.com/remote-jobs/remote-customer-success-manager-peoplegrove-1093830
Crypto Community Manager,Stronghold,"crypto, manager, embedded, ceo, voice, financial, fintech, rails, management, lead, content, marketing, analytics, health, non tech",2025-08-16T00:00:05+00:00,https://remoteOK.com/remote-jobs/remote-crypto-community-manager-stronghold-1093829
Senior Staff Ruby on Rails Engineer,Housecall Pro,"dev, ruby, backend",2025-08-15T21:43:41+00:00,https://remoteOK.com/remote-jobs/remote-senior-staff-ruby-on-rails-engineer-housecall-pro-1093828
Aztec smart contracts and Javascript front end dev,Cloak,"dev, engineer",2025-08-15T16:11:47+00:00,https://remoteOK.com/remote-jobs/remote-aztec-smart-contracts-and-javascript-front-end-dev-cloak-1093827
Senior DevOps Engineer,Echo Base,"web3, crypto, cryptocurrency, system, swift, security, technical, devops, finance, lambda, cloud, leader, strategy, senior, operations, operational, engineer, apache",2025-08-15T09:00:03+00:00,https://remoteOK.com/remote-jobs/remote-senior-devops-engineer-echo-base-1093825
BD Manager,Powered by Pioneer,"manager, defi, crypto, engineering",2025-08-14T09:00:03+00:00,https://remoteOK.com/remote-jobs/remote-bd-manager-powered-by-pioneer-1093808
Data Analyst,P2P. org,"analyst, defi, crypto, system, consultancy, technical, support, growth, finance, api, health",2025-08-13T15:00:02+00:00,https://remoteOK.com/remote-jobs/remote-data-analyst-p2p-org-1093806
Senior Staff Security Engineer,Ethena Labs,"security, defi, crypto, ethereum, full-stack, technical, software, testing, growth, devops, financial, finance, strategy, senior, engineer, engineering",2025-08-13T14:00:03+00:00,https://remoteOK.com/remote-jobs/remote-senior-staff-security-engineer-ethena-labs-1093805
VIP Support Manager,GoMining,"manager, defi, crypto, support, management, sales, non tech",2025-08-13T11:00:02+00:00,https://remoteOK.com/remote-jobs/remote-vip-support-manager-gomining-1093804
Public Training Associate,The Trevor Project,"training, support, travel, financial, education, management, senior, operations, operational, legal, health, educational, non tech",2025-08-13T00:00:18+00:00,https://remoteOK.com/remote-jobs/remote-public-training-associate-the-trevor-project-1093803
FullStack Engineer,NTD software,"dev, design, react, frontend, technical, support, developer, software, code, web, devops, javascript, cloud, css, mobile, engineer, backend, fullstack, digital nomad",2025-08-12T22:00:02+00:00,https://remoteOK.com/remote-jobs/remote-fullstack-engineer-ntd-software-1093802
Cryptocurrency Reporter,Find,"cryptocurrency, crypto, content",2025-08-12T17:00:03+00:00,https://remoteOK.com/remote-jobs/remote-cryptocurrency-reporter-find-1093801
Character Concept Artist,Bonfire Studios,"3d, support, recruiting",2025-08-12T00:00:06+00:00,https://remoteOK.com/remote-jobs/remote-character-concept-artist-bonfire-studios-1093799
Strategy Manager,Coins.ph,"manager, web3, crypto, cryptocurrencies, support, growth, financial, finance, mobile, strategy, management, operational",2025-08-11T17:00:03+00:00,https://remoteOK.com/remote-jobs/remote-strategy-manager-coins-ph-1093798
Content &amp; Social Lead,Aragon,"web3, full-stack, technical, support, software, growth, manager, seo, strategy, management, lead, content, marketing",2025-08-11T10:00:04+00:00,https://remoteOK.com/remote-jobs/remote-content-amp-social-lead-aragon-1093797
Backend Software Engineer Client Group,Virta Health,"software, frontend, security, training, full-stack, technical, support, code, cloud, operational, golang, medical, health, engineer, engineering, backend",2025-08-10T19:00:05+00:00,https://remoteOK.com/remote-jobs/remote-backend-software-engineer-client-group-virta-health-1093794
Senior Backend Engineer,Deblock,"golang, crypto, fintech, banking, senior, engineer, backend",2025-08-10T18:15:02+00:00,https://remoteOK.com/remote-jobs/remote-senior-backend-engineer-deblock-1093793
Payment QR Code from Eye AI,CrowdGen by Appen,"code, qa, mobile",2025-08-10T16:00:08+00:00,https://remoteOK.com/remote-jobs/remote-payment-qr-code-from-eye-ai-crowdgen-by-appen-1093792
Automation Engineer UI Quality Assurance,Machinify,"ui, design, front-end, frontend, docker, software, testing, test, web, qa, healthcare, recruiting, engineer, digital nomad",2025-08-09T16:00:03+00:00,https://remoteOK.com/remote-jobs/remote-automation-engineer-ui-quality-assurance-machinify-1093789
Developer Relations Engineer,Arbitrum Foundation,"developer, web3, cryptocurrency, ethereum, security, technical, growth, code, education, finance, content, health, healthcare, engineer, engineering, recruitment, educational, full-time, digital nomad",2025-08-08T13:00:04+00:00,https://remoteOK.com/remote-jobs/remote-developer-relations-engineer-arbitrum-foundation-1093781
Customer Experience Associate,Koala Health,"technical, support, web, voice, medical, health, healthcare",2025-08-08T12:00:11+00:00,https://remoteOK.com/remote-jobs/remote-customer-experience-associate-koala-health-1093780
Human Resources Associate Mid level,CoinGecko,"cryptocurrency, hr, system, training, technical, support, payroll, financial, education, leader, management, operations, operational",2025-08-08T10:00:07+00:00,https://remoteOK.com/remote-jobs/remote-human-resources-associate-mid-level-coingecko-1093779
Backend Software Engineer,Prophet Security,"golang, infosec, software, security, engineer, backend",2025-08-07T18:15:03+00:00,https://remoteOK.com/remote-jobs/remote-backend-software-engineer-prophet-security-1093777
Senior Software Engineer,lakeFS,"golang, software, senior, engineer",2025-08-07T14:15:03+00:00,https://remoteOK.com/remote-jobs/remote-senior-software-engineer-lakefs-1093776
